[
	{
	"no":1,
	"nama":"Ayu,S.T.",
	"studi":"Teknologi Informasi",
	"instansi":"Perpustakaan Baitul Hikmah",
	"alamat":"Yogyakarta"
	},
	{
	"no":2,
	"nama":"Yusuf,S.Kom.",
	"studi":"Teknik Informatika",
	"instansi":"AMIKOM",
	"alamat":"Jogja"
	},
	{
	"no":3,
	"nama":"Ayu,S.T.",
	"studi":"Teknologi Informasi",
	"instansi":"Perpustakaan Baitul Hikmah",
	"alamat":"Yogyakarta"
	},
	{
	"no":4,
	"nama":"Ayu,S.T.",
	"studi":"Teknologi Informasi",
	"instansi":"Perpustakaan Baitul Hikmah",
	"alamat":"Yogyakarta"
	},
	{
	"no":5,
	"nama":"Ayu,S.T.",
	"studi":"Teknologi Informasi",
	"instansi":"Perpustakaan Baitul Hikmah",
	"alamat":"Yogyakarta"
	},
	{
	"no":6,
	"nama":"Ayu,S.T.",
	"studi":"Teknologi Informasi",
	"instansi":"Perpustakaan Baitul Hikmah",
	"alamat":"Yogyakarta"
	}
]